{
    "name": "TRIGGER_EXEC_PIPELINE_CANAIS_REDE_REFERENCIADA",
    "properties": {
        "annotations": [],
        "runtimeState": "Started",
        "pipelines": [],
        "type": "ScheduleTrigger",
        "typeProperties": {
            "recurrence": {
                "frequency": "Day",
                "interval": 1,
                "startTime": "2023-02-13T21:00:00",
                "timeZone": "E. South America Standard Time",
                "schedule": {
                    "minutes": [
                        0
                    ],
                    "hours": [
                        21
                    ]
                }
            }
        }
    }
}