    {
        "name": "EXEC_PIPELINE_CANAIS_REDE_REFERENCIADA",
        "properties": {
            "activities": [
                {
                    "name": "EXEC_REDE_REFERENCIADA",
                    "type": "ExecutePipeline",
                    "dependsOn": [],
                    "userProperties": [],
                    "typeProperties": {
                        "pipeline": {
                            "referenceName": "ETL_CANAIS_REDE_REFERENCIADA",
                            "type": "PipelineReference"
                        },
                        "waitOnCompletion": true
                    }
                }
            ],
            "folder": {
                "name": "opin-lib-canais-rede-referenciada-dados/executors"
            },
            "annotations": [],
            "lastPublishTime": "2023-01-11T20:47:39Z"
        },
        "type": "Microsoft.DataFactory/factories/pipelines"
    }