{
    "name": "EXEC_PIPELINE_CANAIS_REDE_REFERENCIADA_CARGA_SQL_SERVER",
    "properties": {
        "activities": [
            {
                "name": "EXEC_DELETE_TABLES",
                "type": "ExecutePipeline",
                "dependsOn": [],
                "userProperties": [],
                "typeProperties": {
                    "pipeline": {
                        "referenceName": "ETL_CANAIS_REDE_REFERENCIADA_DELETE_TABLES",
                        "type": "PipelineReference"
                    },
                    "waitOnCompletion": true
                }
            },
            {
                "name": "EXEC_LOAD_SQLSERVER",
                "type": "ExecutePipeline",
                "dependsOn": [
                    {
                        "activity": "EXEC_COBERTURAS",
                        "dependencyConditions": [
                            "Succeeded"
                        ]
                    }
                ],
                "userProperties": [],
                "typeProperties": {
                    "pipeline": {
                        "referenceName": "ETL_CANAIS_REDE_REFERENCIADA_LOAD_SQLSERVER",
                        "type": "PipelineReference"
                    },
                    "waitOnCompletion": true
                }
            },
            {
                "name": "EXEC_REDE_REFERENCIADA",
                "type": "ExecutePipeline",
                "dependsOn": [
                    {
                        "activity": "EXEC_LOAD_SQLSERVER",
                        "dependencyConditions": [
                            "Succeeded"
                        ]
                    }
                ],
                "userProperties": [],
                "typeProperties": {
                    "pipeline": {
                        "referenceName": "ETL_CANAIS_REDE_REFERENCIADA",
                        "type": "PipelineReference"
                    },
                    "waitOnCompletion": true
                }
            },
            {
                "name": "EXEC_COBERTURAS",
                "type": "ExecutePipeline",
                "dependsOn": [
                    {
                        "activity": "EXEC_DELETE_TABLES",
                        "dependencyConditions": [
                            "Succeeded"
                        ]
                    }
                ],
                "userProperties": [],
                "typeProperties": {
                    "pipeline": {
                        "referenceName": "ETL_CANAIS_REDE_REFERENCIADA_COBERTURAS_CSV_BRONZE",
                        "type": "PipelineReference"
                    },
                    "waitOnCompletion": true
                }
            }
        ],
        "folder": {
            "name": "opin-lib-canais-rede-referenciada-dados/executors"
        },
        "annotations": [],
        "lastPublishTime": "2023-01-11T20:47:39Z"
    },
    "type": "Microsoft.DataFactory/factories/pipelines"
}