{
    "name": "DATASET_DLAKE_TESTE",
    "properties": {
        "linkedServiceName": {
            "referenceName": "azubsdatalakeopin",
            "type": "LinkedServiceReference"
        },
        "annotations": [],
        "type": "DelimitedText",
        "typeProperties": {
            "location": {
                "type": "AzureBlobFSLocation",
                "folderPath": "dir",
                "fileSystem": "teste"
            },
            "columnDelimiter": "\t",
            "encodingName": "ISO-8859-1",
            "escapeChar": "\\",
            "firstRowAsHeader": true,
            "quoteChar": ""
        },
        "folder": {
            "name": "opin-lib-chassis-dados"
        },
        "schema": []
    },
    "type": "Microsoft.DataFactory/factories/datasets"
}