{
    "job_id": 602920833842166,
    "creator_user_name": "vitor.val@bradescoseguros.com.br",
    "run_as_user_name": "vitor.val@bradescoseguros.com.br",
    "run_as_owner": true,
    "settings": {
        "name": "opin-lib-chassis-dados-stop-workflows",
        "email_notifications": {
            "no_alert_for_skipped_runs": false
        },
        "webhook_notifications": {},
        "timeout_seconds": 0,
        "schedule": {
            "quartz_cron_expression": "37 0 20 * * ?",
            "timezone_id": "America/Sao_Paulo",
            "pause_status": "UNPAUSED"
        },
        "max_concurrent_runs": 1,
        "tasks": [
            {
                "task_key": "stop_workflows",
                "notebook_task": {
                    "notebook_path": "/vs-chassi/opin-lib-chassis-dados/squad-name/utils/stop_workflows",
                    "source": "WORKSPACE"
                },
                "existing_cluster_id": "0420-174702-b5v9ime1",
                "timeout_seconds": 3000,
                "email_notifications": {},
                "notification_settings": {
                    "no_alert_for_skipped_runs": false,
                    "no_alert_for_canceled_runs": false,
                    "alert_on_last_attempt": false
                }
            }
        ],
        "format": "MULTI_TASK"
    },
    "created_time": 1683743715752
}