{
    "name": "DATASET_FSERVER_CANAIS_REDE_REFERENCIADA_COBERTURAS",
    "properties": {
        "linkedServiceName": {
            "referenceName": "azubsfilesystemtiopin",
            "type": "LinkedServiceReference"
        },
        "annotations": [],
        "type": "DelimitedText",
        "typeProperties": {
            "location": {
                "type": "FileServerLocation",
                "fileName": "rede_referenciada_coberturas.csv",
                "folderPath": "OPIN CANAIS"
            },
            "columnDelimiter": ";",
            "encodingName": "ISO-8859-1",
            "escapeChar": "\\",
            "quoteChar": "\""
        },
        "schema": [
            {
                "type": "String"
            }
        ]
    },
    "type": "Microsoft.DataFactory/factories/datasets"
}