{
    "name": "ETL_CANAIS_REDE_REFERENCIADA",
    "properties": {
        "description": "Processo de ETL.",
        "activities": [
            {
                "name": "INGESTION",
                "description": "Origem SQL Server para fazer a ingestão da informação.",
                "type": "DatabricksNotebook",
                "dependsOn": [],
                "policy": {
                    "timeout": "00:30:00",
                    "retry": 0,
                    "retryIntervalInSeconds": 30,
                    "secureOutput": false,
                    "secureInput": false
                },
                "userProperties": [],
                "typeProperties": {
                    "notebookPath": "/vs-opin-fornecimento/opin-lib-canais-rede-referenciada-dados/rede-referenciada/batch/ingestion/ingestion_from_sql_server"
                },
                "linkedServiceName": {
                    "referenceName": "azu_bsdatabricksth_linkedservice",
                    "type": "LinkedServiceReference"
                }
            },
            {
                "name": "TRANSFORMATION",
                "type": "DatabricksNotebook",
                "dependsOn": [
                    {
                        "activity": "INGESTION",
                        "dependencyConditions": [
                            "Succeeded"
                        ]
                    }
                ],
                "policy": {
                    "timeout": "00:30:00",
                    "retry": 0,
                    "retryIntervalInSeconds": 30,
                    "secureOutput": false,
                    "secureInput": false
                },
                "userProperties": [],
                "typeProperties": {
                    "notebookPath": "/vs-opin-fornecimento/opin-lib-canais-rede-referenciada-dados/rede-referenciada/batch/transformation/transformation_rede_referenciada"
                },
                "linkedServiceName": {
                    "referenceName": "azu_bsdatabricksth_linkedservice",
                    "type": "LinkedServiceReference"
                }
            },
            {
                "name": "LOAD",
                "type": "DatabricksNotebook",
                "dependsOn": [
                    {
                        "activity": "TRANSFORMATION",
                        "dependencyConditions": [
                            "Succeeded"
                        ]
                    }
                ],
                "policy": {
                    "timeout": "00:30:00",
                    "retry": 0,
                    "retryIntervalInSeconds": 30,
                    "secureOutput": false,
                    "secureInput": false
                },
                "userProperties": [],
                "typeProperties": {
                    "notebookPath": "/vs-opin-fornecimento/opin-lib-canais-rede-referenciada-dados/rede-referenciada/batch/load/load_rede_referenciada"
                },
                "linkedServiceName": {
                    "referenceName": "azu_bsdatabricksth_linkedservice",
                    "type": "LinkedServiceReference"
                }
            },
            {
                "name": "PURGE_BRONZE",
                "type": "DatabricksNotebook",
                "dependsOn": [
                    {
                        "activity": "LOAD",
                        "dependencyConditions": [
                            "Succeeded"
                        ]
                    }
                ],
                "policy": {
                    "timeout": "00:30:00",
                    "retry": 0,
                    "retryIntervalInSeconds": 30,
                    "secureOutput": false,
                    "secureInput": false
                },
                "userProperties": [],
                "typeProperties": {
                    "notebookPath": "                    \"notebookPath\": \"/vs-opin-fornecimento/opin-lib-canais-rede-referenciada-dados/rede-referenciada/batch/purge/rede_referenciada_bronze\"\n"
                },
                "linkedServiceName": {
                    "referenceName": "azu_bsdatabricksth_linkedservice",
                    "type": "LinkedServiceReference"
                }
            },
            {
                "name": "PURGE_SILVER",
                "type": "DatabricksNotebook",
                "dependsOn": [
                    {
                        "activity": "LOAD",
                        "dependencyConditions": [
                            "Succeeded"
                        ]
                    }
                ],
                "policy": {
                    "timeout": "00:30:00",
                    "retry": 0,
                    "retryIntervalInSeconds": 30,
                    "secureOutput": false,
                    "secureInput": false
                },
                "userProperties": [],
                "typeProperties": {
                    "notebookPath": "/vs-opin-fornecimento/opin-lib-canais-rede-referenciada-dados/rede-referenciada/batch/purge/rede_referenciada_silver"
                },
                "linkedServiceName": {
                    "referenceName": "azu_bsdatabricksth_linkedservice",
                    "type": "LinkedServiceReference"
                }
            }
        ],
        "folder": {
            "name": "opin-lib-canais-rede-referenciada-dados/pipelines"
        },
        "annotations": [],
        "lastPublishTime": "2023-07-25T18:00:00Z"
    },
    "type": "Microsoft.DataFactory/factories/pipelines"
}