{
    "name": "ETL_CANAIS_REDE_REFERENCIADA_DELETE_TABLES",
    "properties": {
        "activities": [
            {
                "name": "DELETE_TABLES",
                "type": "Script",
                "dependsOn": [],
                "policy": {
                    "timeout": "0.12:00:00",
                    "retry": 0,
                    "retryIntervalInSeconds": 30,
                    "secureOutput": false,
                    "secureInput": false
                },
                "userProperties": [],
                "linkedServiceName": {
                    "referenceName": "azubsdbsqlcrudopin",
                    "type": "LinkedServiceReference"
                },
                "typeProperties": {
                    "scripts": [
                        {
                            "type": "Query",
                            "text": "DELETE FROM opincanais.COBER_PRODT_REDE_REFRD;\nDELETE FROM opincanais.HORA_FUNCN_REDE_REFRD_OPIN;\nDELETE FROM opincanais.FONE_ENDER_PRETR;\nDELETE FROM opincanais.SERVC_PRETR_REDE_REFRD;\nDELETE FROM opincanais.PRODT_PRETR_REDE_REFRD;\nDELETE FROM opincanais.ENDER_PRETR_REDE_REFRD;\nDELETE FROM opincanais.SERVC_REDE_REFRD_OPIN;\nDELETE FROM opincanais.TPO_SERVC_OPIN;\nDELETE FROM opincanais.PRODT_REDE_REFRD_OPIN;\nDELETE FROM opincanais.PRETR_REDE_REFRD_OPIN;\nDELETE FROM opincanais.FONE_ENDER_PRETR;\nDELETE FROM opincanais.API_REDE_REFRD;"
                        }
                    ]
                }
            }
        ],
        "folder": {
            "name": "opin-lib-canais-rede-referenciada-dados/pipelines"
        },
        "annotations": [],
        "lastPublishTime": "2023-07-25T18:00:00Z"
    },
    "type": "Microsoft.DataFactory/factories/pipelines"
}