{
    "name": "ETL_CANAIS_REDE_REFERENCIADA_COBERTURAS_CSV_BRONZE",
    "properties": {
        "activities": [
            {
                "name": "INGESTION",
                "type": "DatabricksNotebook",
                "dependsOn": [
                    {
                        "activity": "COPY_FILE_SERVER_TO_TRANSIENT",
                        "dependencyConditions": [
                            "Succeeded"
                        ]
                    }
                ],
                "policy": {
                    "timeout": "00:30:00",
                    "retry": 0,
                    "retryIntervalInSeconds": 30,
                    "secureOutput": false,
                    "secureInput": false
                },
                "userProperties": [],
                "typeProperties": {
                    "notebookPath": "/vs-opin-fornecimento/opin-lib-canais-rede-referenciada-dados/rede-referenciada/batch/ingestion/ingestion_rede_referenciada_cobertura_csv"
                },
                "linkedServiceName": {
                    "referenceName": "azu_bsdatabrickspr_linkedservice",
                    "type": "LinkedServiceReference"
                }
            },
            {
                "name": "COPY_FILE_SERVER_TO_TRANSIENT",
                "type": "Copy",
                "dependsOn": [
                    {
                        "activity": "FILE_VALIDATOR",
                        "dependencyConditions": [
                            "Succeeded"
                        ]
                    }
                ],
                "policy": {
                    "timeout": "00:15:00",
                    "retry": 0,
                    "retryIntervalInSeconds": 30,
                    "secureOutput": false,
                    "secureInput": false
                },
                "userProperties": [],
                "typeProperties": {
                    "source": {
                        "type": "DelimitedTextSource",
                        "storeSettings": {
                            "type": "FileServerReadSettings",
                            "recursive": true,
                            "enablePartitionDiscovery": false
                        },
                        "formatSettings": {
                            "type": "DelimitedTextReadSettings"
                        }
                    },
                    "sink": {
                        "type": "DelimitedTextSink",
                        "storeSettings": {
                            "type": "AzureBlobFSWriteSettings"
                        },
                        "formatSettings": {
                            "type": "DelimitedTextWriteSettings",
                            "quoteAllText": true,
                            "fileExtension": ".csv"
                        }
                    },
                    "enableStaging": false,
                    "translator": {
                        "type": "TabularTranslator",
                        "typeConversion": true,
                        "typeConversionSettings": {
                            "allowDataTruncation": true,
                            "treatBooleanAsNumber": false
                        }
                    }
                },
                "inputs": [
                    {
                        "referenceName": "DATASET_FSERVER_CANAIS_REDE_REFERENCIADA_COBERTURAS",
                        "type": "DatasetReference"
                    }
                ],
                "outputs": [
                    {
                        "referenceName": "DATASET_DLAKE_CANAIS_REDE_REFERENCIADA_COBERTURAS",
                        "type": "DatasetReference"
                    }
                ]
            },
            {
                "name": "FILE_VALIDATOR",
                "type": "Validation",
                "dependsOn": [],
                "userProperties": [],
                "typeProperties": {
                    "dataset": {
                        "referenceName": "DATASET_FSERVER_CANAIS_REDE_REFERENCIADA_COBERTURAS",
                        "type": "DatasetReference"
                    },
                    "timeout": "0.00:02:00",
                    "sleep": 10
                }
            },
            {
                "name": "DO_NOTHING",
                "type": "Wait",
                "dependsOn": [
                    {
                        "activity": "FILE_VALIDATOR",
                        "dependencyConditions": [
                            "Failed"
                        ]
                    },
                    {
                        "activity": "DELETE_FILE_FROM_FILE_SERVER_SERVICOS",
                        "dependencyConditions": [
                            "Skipped"
                        ]
                    }
                ],
                "userProperties": [],
                "typeProperties": {
                    "waitTimeInSeconds": 5
                }
            },
            {
                "name": "DELETE_FILE_FROM_FILE_SERVER_SERVICOS",
                "type": "Delete",
                "dependsOn": [
                    {
                        "activity": "INGESTION",
                        "dependencyConditions": [
                            "Succeeded"
                        ]
                    }
                ],
                "policy": {
                    "timeout": "00:05:00",
                    "retry": 0,
                    "retryIntervalInSeconds": 30,
                    "secureOutput": false,
                    "secureInput": false
                },
                "userProperties": [],
                "typeProperties": {
                    "dataset": {
                        "referenceName": "DATASET_FSERVER_CANAIS_REDE_REFERENCIADA_COBERTURAS",
                        "type": "DatasetReference"
                    },
                    "enableLogging": false,
                    "storeSettings": {
                        "type": "FileServerReadSettings",
                        "recursive": false,
                        "enablePartitionDiscovery": false
                    }
                }
            }
        ],
        "folder": {
            "name": "opin-lib-canais-rede-referenciada-dados/pipelines"
        },
        "annotations": [],
        "lastPublishTime": "2023-07-25T18:00:00Z"
    },
    "type": "Microsoft.DataFactory/factories/pipelines"
}