{
    "name": "DATASET_DLAKE_CANAIS_REDE_REFERENCIADA_COBERTURAS",
    "properties": {
        "linkedServiceName": {
            "referenceName": "azubsdatalakethopin",
            "type": "LinkedServiceReference"
        },
        "annotations": [],
        "type": "DelimitedText",
        "typeProperties": {
            "location": {
                "type": "AzureBlobFSLocation",
                "folderPath": "canais/rede_referenciada_coberturas",
                "fileSystem": "transient"
            },
            "columnDelimiter": "|",
            "escapeChar": "\\",
            "quoteChar": "\""
        },
        "schema": []
    },
    "type": "Microsoft.DataFactory/factories/datasets"
}