{
    "name": "TRIGGER_EXEC_TESTE",
    "properties": {
        "annotations": [],
        "runtimeState": "Started",
        "pipelines": [
            {
                "pipelineReference": {
                    "referenceName": "EXEC_PIPELINE_PIPE_TESTE",
                    "type": "PipelineReference"
                }
            }
        ],
        "type": "ScheduleTrigger",
        "typeProperties": {
            "recurrence": {
                "frequency": "Month",
                "interval": 1,
                "startTime": "2022-08-08T00:49:00Z",
                "timeZone": "UTC",
                "schedule": {
                    "minutes": [
                        0
                    ],
                    "hours": [
                        6
                    ],
                    "monthDays": [
                        1
                    ]
                }
            }
        }
    }
}