{
    "name": "DATASET_FSERVER_CANAIS_REDE_REFERENCIADA",
    "properties": {
        "linkedServiceName": {
            "referenceName": "azubsfilesystemopin",
            "type": "LinkedServiceReference"
        },
        "annotations": [],
        "type": "DelimitedText",
        "typeProperties": {
            "location": {
                "type": "FileServerLocation",
                "fileName": "rede_referenciada.csv",
                "folderPath": "OPIN CANAIS"
            },
            "columnDelimiter": ",",
            "escapeChar": "\\",
            "quoteChar": "\""
        },
        "schema": []
    },
    "type": "Microsoft.DataFactory/factories/datasets"
}