{
    "name": "EXEC_PIPELINE_PIPE_TESTE",
    "properties": {
        "activities": [
            {
                "name": "ETL_PIPE_TESTE",
                "type": "ExecutePipeline",
                "dependsOn": [],
                "userProperties": [],
                "typeProperties": {
                    "pipeline": {
                        "referenceName": "ETL_PIPE_TESTE",
                        "type": "PipelineReference"
                    },
                    "waitOnCompletion": true
                }
            }
        ],
        "folder": {
            "name": "opin-lib-chassis-dados/executors"
        },
        "annotations": [],
        "lastPublishTime": "2022-08-09T21:56:25Z"
    },
    "type": "Microsoft.DataFactory/factories/pipelines"
}