{
    "name": "ETL_PIPE_TESTE",
    "properties": {
        "activities": [
            {
                "name": "Web1",
                "type": "WebActivity",
                "dependsOn": [],
                "policy": {
                    "timeout": "7.00:00:00",
                    "retry": 0,
                    "retryIntervalInSeconds": 30,
                    "secureOutput": false,
                    "secureInput": false
                },
                "userProperties": [],
                "typeProperties": {
                    "url": "https://auth-sandbox-opin.bradescoseguros.com.br/oauth/v1/access-token",
                    "connectVia": {
                        "referenceName": "integrationRuntime1",
                        "type": "IntegrationRuntimeReference"
                    },
                    "method": "POST",
                    "headers": {
                        "Authorization": "Basic ZjI0ZDZiOTQtMzFhYi00N2VlLWJjY2EtNjNhOTIyNjk1NGQ5OjAyOWYwMzcxLTdjMjctNDg1ZS1iZjM0LTY1OGUxMWEwZDhiOQ==",
                        "Content-Type": "application/x-www-form-urlencoded"
                    },
                    "body": "grant_type=client_credentials"
                }
            }
        ],
        "variables": {
            "secret": {
                "type": "String"
            }
        },
        "folder": {
            "name": "opin-lib-chassis-dados/pipelines"
        },
        "annotations": [],
        "lastPublishTime": "2022-10-06T16:22:00Z"
    },
    "type": "Microsoft.DataFactory/factories/pipelines"
}